<?xml version="1.0" encoding="UTF-8"?>
<project>
    <projectName label="项目名称" type="textarea" isrequired="true" value=""/>
    <bidType label="招采类型" type="select" reffered="bidType" isrequired="true" value="" />
    <!--<files label="附件" type="file" msg="最大支持100M,请合理上传" pubtype="pub" isrequired="false"  multiple="true" value=""  format="" />-->
    <!--<area label="地区" type="area" isarea="true" pre="510600" isrequired="true" value="" />-->
    <!--<contentType label="内容类型" type="select" reffered="contentType" isrequired="true" value="" />-->
    <!--<procurementMethod label="抽取类型" type="select" reffered="extractType" isrequired="true" value="" />-->
    <!--<amount label="采购金额（单位：万元）" type="number" isrequired="true" value="" />-->
    <!--<content label="详细内容" type="rich" isrequired="true" value="" />-->
</project>