<?xml version="1.0" encoding="UTF-8"?>
<stopWatch>
    <!--
        约定所有的码表
        以noticeNature结构为例 进行说明
        noticeNature：标识该码表在程序逻辑中的唯一标识 ，label：中文描述
        field：noticeNature所对应码表的可选值，value为其实际传输值，label为中文描述，第一个field为默认值
    -->
    <sex label="性别">
        <field value="0" label="男" />
        <field value="1" label="女" />
    </sex>
    <projectType label="项目类型">
        <field value="1" label="工程" />
        <field value="2" label="采购" />
        <field value="3" label="国资" />
        <field value="4" label="国产" />
        <field value="99" label="其他" />
    </projectType>
    <bidType lable="招采类型">
        <field value="1" label="公开招标" />
        <field value="2" label="非招标" />
    </bidType>
</stopWatch>